Book Name,Author,Rating,User Rates,Price
Bilgisayar Sistemleri Mimarisi,M. Morris Mano,5.0,6,92.25
Peppa Pig: Peppa’s Best Day Ever: Magnet Book,Peppa Pig,4.7,204,155.82
Clean Code: A Handbook of Agile Software Craftsmanship,Robert Martin,4.7,2382,426.47
Press Reset: Ruin and Recovery in the Video Game Industry,Jason Schreier,4.6,87,435.07
Yaşam 3.0: Yapay Zeka Çağında İnsan Olmak,Max Tegmark,4.8,57,40.2
"Computer Networking: A Top-Down Approach, Global Edition",James Kurose,4.4,87,270.0
Modern Operating Systems: Global Edition,Andrew Tanenbaum,4.1,55,275.63
"Legend Of Zelda, The: Breath Of The Wild - Creating A Champion",Nintendo,4.9,4244,354.19
Peppa Pig: Summer Fun! Sticker Activity Book,Peppa Pig,4.5,482,64.13
Peppa Pig: Yum! Yum! Yum! Sticker Activity Book,Peppa Pig,4.6,691,74.63
Yazılım Mühendisliğinde Modern Yaklaşımlar,Emin Borandağ,5.0,5,45.0
Veri Bilimi,Çiğdem Aytekin,3.3,4,48.53
Son İcadımız: Yapay Zeka ve İnsanlık Çağının Sonu,James Barrat,3.9,7,35.95
How To Be Right: … in a world gone wrong,James O'Brien,4.6,1632,48.85
Wuthering Heights,Emily Bronte,4.6,9056,116.28
Nesnelerin İnterneti: Teori ve Uygulamaları,Kerem Küçük,5.0,1,87.64
Algorithm Design: Pearson New International Edition,Jon Kleinberg,4.4,216,220.5
Elon Musk: How the Billionaire CEO of SpaceX and Tesla is Shaping our Future,Ashlee Vance,4.7,6960,128.67
The Manager`s Path,Camille Fournier,4.7,486,526.73
C İle Programlama,Paul Deitel,4.6,25,200.0
Yazılım Mühendisliği: Yazılım Mühendisliği Standartları ve Belgeleriyle,Erhan Sarıdoğan,5.0,1,125.84
"The Nft Handbook: How to Create, Sell and Buy Non-Fungible Tokens",Quharrison Terry,4.6,48,441.02
Deep Learning with R,Francois Chollet,4.6,80,651.15
Kuramsal Başlangıç,Leonard Susskind,5.0,7,37.57
Peppa Pig: Peppa Loves Animals,Peppa Pig,4.8,23,88.31
Insight Collectibles 9781608877058 Fall Out 21 cm Notebook,. Bethseda Softworks LLC (ZeniMax Media Inc),4.5,90,89.41
Derin Düşünce: Yapay Zekanın Yetmeyip İnsan Yaratıcılığının Başladığı Yer,Garry Kasparov,4.3,7,35.95
Herkes İçin Python,Bülent Çobanoğlu,5.0,1,55.5
The Time-Block Planner: A Daily Method for Deep Work,Cal Newport,4.3,94,318.57
How to Avoid a Climate Disaster: The Solutions We Have and the Breakthroughs We Need,Bill Gates,4.6,3163,186.9
Veri Madenciliği: Kavram ve Algoritmaları,Gökhan Silahtaroğlu,4.5,2,92.42
Veri Madenciliği Yöntemleri: Bilgisayar Bilimleri ve Bilgisayar Mühendisliği,Yalçın Özkan,3.1,2,87.64
"User Friendly: How the Hidden Rules of Design are Changing the Way We Live, Work & Play",Cliff Kuang,4.6,245,122.29
Veri Madenciliği Teori Uygulama ve Felsefesi,İlker Köse,4.0,1,67.93
"The Pragmatic Programmer: your journey to mastery, 20th Anniversary Edition",David Thomas,4.8,933,604.23
#NoFilter: Get Creative with Photography,Natalia Price-Cabrera,4.1,19,64.51
Peppa Pig: Practise with Peppa: Wipe-Clean First Letters,Peppa Pig,4.6,4036,98.15
The Cold Start Problem: Using Network Effects to Scale Your Business,Andrew Chen,4.6,100,475.49
"Designing Data-Intensive Applications: The Big Ideas Behind Reliable, Scalable, and Maintainable Systems",Martin Kleppmann,4.7,1473,749.99
Inspired: How to Create Tech Products Customers Love,Marty Cagan,4.7,1287,393.77
Bilgisayar Ağları ve İnternet,Douglas E. Comer,2.9,2,106.0
"The World for Sale: Money, Power and the Traders Who Barter the Earth’s Resources",Javier Blas,4.7,264,333.86
"R İle Programlama: Çözümlü Örneklerle İstatistik, Matematik, Yapay Zeka, Veri Madenciliği ve Grafik",Burak Özkan,4.0,1,87.64
"Visual C# How to Program, Global Edition",Harvey Deitel,4.2,10,166.0
Algorithms to Live By : The Computer Science of Human Decisions,Paul Finch,4.6,1342,167.12
"Eloquent Javascript, 3rd Edition: A Modern Introduction to Programming",Marijn Haverbeke,4.6,876,427.76
"Artificial Intelligence: A Modern Approach, Global Edition",Peter Norvig,4.7,39,419.1
Projeler İle Arduino Eğitim Seti (4 Kitap),Kodlab Komisyon,4.0,1,137.66
Raspberry Pi ve Python ile IoT Uygulamaları,Güray Yıldırım,4.1,2,51.69
Code Complete: A Practical Handbook of Software Construction,Steve McConnell,4.6,625,592.87
Linux & Ağ Temelleri Başucu Kitabı,Mehmet Can Hanaylı,2.5,2,59.03
The Most Human Human: What Artificial Intelligence Teaches Us About Being Alive,Brian Christian,3.9,11,187.31
Fortnite son raket paketi (Playstation 4),Warner Bros.,4.5,410,469.4
Calling Bullshit: The Art of Scepticism in a Data-Driven World,Jevin D. West,4.6,391,187.31
STM32F4 Discovery Kartı ile ARM Mikrokontrolcü Programlama,Ali Şentürk,5.0,1,52.0
BANKING ON IT: How I Disrupted an Industry and Changed the Way We Manage our Money Forever,Anne Boden,4.7,157,206.06
How to Turn Down a Billion Dollars: The Snapchat Story,Billy Gallagher,4.2,41,39.61
"Blowout: Corrupted Democracy, Rogue State Russia, and the Richest, Most Destructive Industry on Earth",Rachel Maddow,4.8,4884,206.06
Mikroişlemciler,M. Kaya Yazgan,3.0,1,51.0
Nintendo Switch Lite Taşıma Kılıfı Ve Ekran Koruyucu Animal Crossing Tema,Nintendo,4.8,6512,348.72
"Game Design Workshop: A Playcentric Approach to Creating Innovative Games: A Playcentric Approach to Creating Innovative Games, Fourth Edition",Tracy Fullerton,4.7,59,705.84
Türk Kültüründe Yönetmek: Yerel Değerlerle Küresel Başarılar Kazanmak,Acar Baltaş,5.0,2,44.2
Cuphead Volume 1: Comic Capers & Curios,Zack Keller,4.9,550,444.3
Introduction to Computer Security: Pearson New International Edition,Michael Goodrich,4.0,6,395.0
Grokking Algorithms: An illustrated guide for programmers and other curious people,Aditya Bhargava,4.6,609,469.94
Hacker: Bir Sibermafya Patronunun Gerçek Öyküsü,Kevin Poulsen,5.0,1,32.46
The Clean Coder: A Code of Conduct for Professional Programmers (Robert C. Martin),Robert Martin,4.7,526,329.79
"Uygulamalı Siber Güvenlik ve Hacking: Sanal dünya, gerçek tehditler",Mustafa Altınkaynak,4.5,2,63.3
"The World for Sale: Money, Power and the Traders Who Barter the Earth’s Resources",Javier Blas,4.7,264,499.01
"Unity 3D İle Oyun Programlama: Oku, İzle, Dinle, Öğren! İnteraktif Eğitim Videoları Kodlab Tv'de!",Timuçin Hatipoğlu,4.7,7,60.0
League of Legends: Realms of Runeterra (Official Companion),Riot Games,4.8,1674,500.34
Etik Hackerlığa Giriş: Ofansif Siber Güvenliğin ABC'si!,İsmail Bülbül,4.8,5,43.92
"Cracking the Coding Interview, 6th Edition: 189 Programming Questions and Solutions (Cracking the Interview & Career)",Gayle Laakmann McDowell,4.7,5374,658.57
God Of War: Lore And Legends,Sony Studios,4.9,731,298.9
Design Patterns: Elements of Reusable Object-Oriented Software,Erich Gamma,4.7,994,578.7
Yapay Zeka,Atınç Yılmaz,5.0,2,51.49
"Yeni Başlayanlar İçin HTML5, CSS3 ve Javascript: A ’Dan Z’Ye Web Programlama",Fahrettin Erdinç,4.0,11,73.07
Peppa Pig: 123 with Peppa,Peppa Pig,4.8,512,71.93
Python Sıfırdan Uzmanlığa Programlama,Atıl Samancıoğlu,4.7,8,116.39
"Python Öğreniyorum: Oku, İzle, Dinle, Öğren!",Gökhan Su,2.5,3,28.61
Building a Storybrand: Clarify Your Message So Customers Will Listen,Donald Miller,4.7,2786,373.52
Why Social Media is Ruining Your Life,Katherine Ormerod,4.3,116,133.28
"The Ultimate Roblox Book: An Unofficial Guide: Learn How to Build Your Own Worlds, Customize Your Games, and So Much More!",David Jagneaux,4.5,872,164.17
R ile Uygulamalı İstatistik: Çözümlü Örneklerle,İbrahim Demir,5.0,1,87.64
Microservice Patterns: With examples in Java,Mr Chris Richardson,4.7,297,504.37
"Blood, Sweat, and Pixels: The Triumphant, Turbulent Stories Behind How Video Games are Made",Jason Schreier,4.8,905,157.52
The Visual MBA: A Quick Guide to Everything You’ll Learn in Two Years of Business School,Jason Barron,4.5,265,283.88
Theory of Fun for Game Design,Raph Koster,4.6,211,607.54
Danganronpa Another Episode: Ultra Despair Girls Volume 3,Hajime Touya,4.9,95,134.12
Peppa Pig: Peppa's Busy Day,Peppa Pig,4.7,355,149.81
Peppa Pig: Practise with Peppa: First Phonics: Sticker Activity Book,Peppa Pig,4.5,232,74.81
Sağlıkta Dijital Dönüşüm-Yapay Zeka (AI) ve Nesnelerin İnterneti (IoT),Jülide Güzin Karagöz,3.4,3,17.0
"ALGORİTMA VE PROGRAMLAMA MANTIĞI: Oku, İzle, Dinle, Öğren",Kolektif,3.5,2,60.0
The Art Of The Last Of Us Part Ii,Naughty Dog,4.8,2229,331.9
The Art of Supercell: 10th Anniversary Edition,Supercell,4.8,75,617.78
Uygulamalarla Java Veri Yapıları: JCF (Java Collections Framework),Timur Karaçay,1.0,2,48.91
Microsoft Excel 2019 VBA and Macros (Business Skills),Bill Jelen,4.5,159,570.26
"The Phoenix Project: A Novel about It, Devops, and Helping Your Business Win",Gene Kim,4.7,2517,226.24
Effective Java,Joshua Bloch,4.7,811,620.44
The Road to Conscious Machines: The Story of AI,Michael Wooldridge,4.6,44,206.06
Programlama Dillerinin Prensipleri: Mantığı Kavra >> İşleyişi Öğren >> Kodu Yaz,Nejat Yumuşak-Muhammed Fatih Adak,4.0,1,108.0
Sane New World: Taming the Mind,Ruby Wax,4.5,946,246.67
"The Art of Memory Forensics: Detecting Malware and Threats in Windows, Linux, and Mac Memory",Michael Hale Ligh,4.8,111,904.34
"Practical Reverse Engineering: x86, x64, ARM, Windows Kernel, Reversing Tools, and Obfuscation",Bruce Dang,4.6,114,846.99
"Deep Learning with Python, Second Edition",François Chollet,4.8,14,867.85
ALGORİTMA: Uygulamalı Algoritma Kılavuzu,Kadir Çamoğlu,5.0,1,44.28
The Everything Store: Jeff Bezos and the Age of Amazon,Brad Stone,4.6,1305,144.83
Effective TypeScript: 62 Specific Ways to Improve Your TypeScript,Dan Vanderkam,4.6,71,569.58
Building Microservices: Designing Fine-Grained Systems,Sam Newman,4.8,36,866.29
"Java: The Complete Reference, Twelfth Edition",Herbert Schildt,5.0,11,845.66
Html ve Css Web Siteleri Tasarlamak ve Oluşturmak,Jon Duckett,3.9,5,100.0
This Is Service Design Doing: Using Research and Customer Journey Maps to Create Successful Services,Marc Stickdorn,4.7,316,610.11
"Biz Anonymous'uz: LulzSec, Anonymous Hacker Dünyasının ve Küresel Siber Ayaklanmanın İçyüzü",Parmy Olson,4.0,2,49.76
C ile PIC Programlama: Uygulamalı Öğretim Serisi,Serdar Çiçek,5.0,1,149.0
"Concepts of Programming Languages, Global Edition",Robert W. Sebesta,4.4,12,395.0
Karar Destek Sistemleri: (Veri Ambarı - Veri Madenciliği - Klinik KDS) Akademik Derleme,Özel Sebetci,1.0,1,44.36
Yeni Nesil Tekniklerle JavaScript,Uğur Gelişken,5.0,4,105.21
Siber Güvenliğe Giriş: Bilgisayar Güvenliği ve İnternet - Araçlar ve Mücevherler,Paul C. Van Oorschot,5.0,1,141.57
"Mobil Oyun Tasarımı ve Programlama: 101 Adet, Toplamda 300 Saat Eğitim Videosu Ücretsiz",Uğur Gelişken,5.0,1,115.0
SAP FI: Türkiye'nin İlk ve Tek Türkçe SAP FI Modülü Kitabı,Rıdvan Akgül,5.0,2,50.79
Data Veri Madenciliği - Veri Analizi,Haldun Akpınar,3.7,3,116.29
JavaScript and JQuery: Interactive Front–End Web Development,Jon Duckett,4.6,1577,559.86
"Product Research Rules: A Foundational Guide for Accurate, Accelerated User Research That Delivers Insights in Four Simple Steps",C. Todd Lombardo,4.7,5,682.09
The Last Of Us: American Dreams,Faith Erin Hicks,4.7,753,165.9
Oracle SQL Analitik SQL ve PL/SQL,Kolektif,4.6,3,63.3
Scratch ile Programlama,Gökhan Su,5.0,1,19.88
"Yeni Başlayanlar İçin Sap Abap 4: Oku, İzle, Dinle, Öğren!",Aytül Korkut Şentürk,4.6,3,46.59
About Face: The Essentials of Interaction Design,Alan Cooper,4.5,237,665.42
Matlab Eğitim Seti: Yapay Zeka ve Mühendislik Uygulamaları,Cemalettin Kubat,5.0,5,85.24
"C++ ile Projeler (CD'li) Oku, İzle, Dinle, Öğren",Tolga Büyüktanır Yıldıray Yarman,3.0,2,47.99
"Brain Wash: Detox Your Mind for Clearer Thinking, Deeper Relationships and Lasting Happiness",David Perlmutter,4.6,614,220.58
"Hacking: The Art Of Exploitation, 2nd Edition",Jon Erickson,4.7,814,465.97
"Digital Image Processing, Global Edition",Rafael C. Gonzalez,4.8,49,359.64
Java ile Android Programlama,Çağlar Artar,5.0,1,44.96
HTML and CSS: Design and Build Websites,Jon Duckett,4.7,3187,393.38
Open Source Intelligence Techniques: Resources for Searching and Analyzing Online Information,Michael Bazzell,4.7,47,651.0
Computer Networks: Pearson New International Edition,Andrew Tanenbaum,4.0,19,450.0
Mastering the Lightning Network: A Second Layer Blockchain Protocol for Instant Bitcoin Payments,Andreas M. Antonopoulos,4.9,12,888.78
"Capture Your Style: How to Transform Your Instagram Images and Bu: How to Transform Your Instagram Images and Build the Ultimate Platform: Transform ... Your Life, and Build the Ultimate Platform",Aimee Song,4.5,362,298.7
Release It! Design and Deploy Production-Ready Software,Michael T Nygard,4.7,115,643.24
Veritabanı Yönetim Sistemleri 1,Turgut Özseven,4.7,4,78.6
Human Compatible: AI and the Problem of Control,Stuart Russell,4.5,150,207.14
Social Media Marketing: Theories and Applications,Stephan Dahl,5.0,1,843.06
World of Warcraft: Chronicle Volume 1,BLIZZARD ENTERTAINMENT,4.8,2017,490.29
Konteynerlar ve Docker: Docker Kullanarak Konteyner Sistemlerine Giriş,Güray Yıldırım,5.0,4,51.23
Introduction to the Theory of Computation,Michael Sipser,4.4,139,395.0
"The Emperor's New Mind: Concerning Computers, Minds, and the Laws of Physics (Oxford Landmark Science)",Roger Penrose,4.7,161,289.64
"Grafik Tasarımda Tasarım Fikri: Grafik Tasarım Temelleri - 10, Fotoğraflı",Gavin Ambrose,5.0,1,89.25
"Essential SAT Vocabulary, 2nd Edition: Flashcards + Online: 500 Essential Vocabulary Words to Help Boost Your SAT Score (College Test Preparation)",The Princeton Review,4.6,193,371.26
"Art of God of War, The ;",Sony Computer Entertainment,4.9,1178,439.61
Hit Refresh,Satya Nadella,4.5,869,647.6
The Personal MBA: A World-Class Business Education in a Single Volume,Josh Kaufman,4.5,1023,191.41
Design Patterns in C#: A Hands-on Guide with Real-World Examples,Vaskaran Sarcar,4.6,3,555.96
"Creating Signature Stories: Strategic Messaging that Energizes, Persuades and Inspires",David Aaker,4.4,29,349.46
"The Practice of Computing Using Python, Global Edition",Richard J Enbody,5.0,1,449.9
Etik Hackerlığa Giriş 2,Vahap Eren,5.0,2,21.98
Practical Statistics for Data Scientists: 50+ Essential Concepts Using R and Python,Peter Bruce,4.5,219,832.08
Simulink 10.1 ve Uygulamaları,Uğur Arifoğlu,5.0,2,52.44
The Art of Ghost of Tsushima,Sucker Punch Productions,4.7,684,510.0
Clean Agile: Back to Basics (Robert C. Martin),Robert C. Martin,4.8,143,496.21
Bilgisayar Donanımı,Ebubekir Yaşar,5.0,1,78.6
Mühendislik Mekaniği - Dinamik (Ekonomik Baskı),R. C. Hibbeler,5.0,2,117.75
Rabid: A Cultural History of the World's Most Diabolical Virus,Bill Wasik  Monica Murphy,4.5,142,206.06
Mühendislik Mekaniği Statik,R. C. Hibbeler,5.0,8,148.75
Kendini Değiştiren Beyin: Beyin Biliminin Sınırlarından Kişisel Başarı Öyküleri,Norman Doidge,4.3,5,37.46
Transport Processes and Separation Process Principles (Includes Unit Operations),Christie John Geankoplis,4.4,41,421.35
London by Design: The Iconic Transport Designs that Shaped our City,London Transport Museum,4.8,18,85.86
Öklid'in Elemanları,Ali Sinan Sertöz,5.0,1,46.3
University Physics with Modern Physics in SI Units,Hugh D. Young,4.7,121,349.65
Lighting For Interior Design,Malcom Innes,4.6,58,96.55
The Wright Brothers: The Dramatic Story-Behind-the-Story,David McCullough,4.8,2450,153.18
Mutfak Sırları,Anthony Bourdain,4.9,44,35.92
Special Relativity and Classical Field Theory,Leonard Susskind,4.7,468,126.75
"Rolex, The Watch Book: Updated and expanded edition",Gisbert L. Brunner,4.7,86,891.01
Rolex Story,Franz-Christoph Heel,4.6,310,654.75
Robot Builders Bonanza,Gordon McComb,4.8,24,268.03
Classical Mechanics: The Theoretical Minimum,George Hrabovsky,4.6,492,119.86
Electromagnetic Theory for Complete Idiots,DAVID SMITH,3.4,9,331.9
"Derin Uzay: Güneş Sistemi'nin Ötesine, Evren'in Sınırlarına ve Zamanın Başlangıcına Bir Yolculuk",Govert Schilling,4.9,11,78.9
Tarascon Erişkin Acil Cep Kitabı,Richard J. Hamilton,3.8,3,64.04
Astrobiyoloji: Dünyada ve Evrende Yaşam,David C. Catling,5.0,5,22.38
Avucunuzun İçindeki Sonsuzluk - Olağanüstü Bir Evreni Açığa Çıkaran Elli Mucize,Marcus Chown,5.0,1,41.3
Clean Architecture: A Craftsman's Guide to Software Structure and Design (Robert C. Martin Series),Robert C. Martin,4.7,1086,456.37
The Intel Microprocessors: Pearson New International Edition,Barry B. Brey,4.4,14,421.35
Turkish Waters and Cyprus Pilot (10th Edition),Rod and Lucinda Heikell,4.9,15,921.43
Evren Nasıl Ortaya Çıktı?,New Scientist,5.0,1,47.5
CLOCK REPAIRING AS A HOBBY: An Illustrated How-to Guide for the Beginner,Harold C Kelly,4.2,314,300.35
Evrim Kuramı ve Mekanizmaları: Evrimin Temelleri ve Nasıl İşlediği Üzerine,Çağrı Mert Bakırcı,4.8,13,47.4
Food Futures: How Design and Technology can Reshape our Food System,Chloé Rutzerveld,4.5,2,64.07
The Weather Detective: Rediscovering Nature’s Secret Signs,Peter Wohlleben,4.4,108,237.44
How to Build a Car : The Autobiography of the World's Greatest Formula 1 Designer,Adrian Newey,4.8,2119,419.04
The Rhine: Following Europe's Greatest River from Amsterdam to the Alps,Ben Coates,4.2,93,47.08
Talking to Robots: A Brief Guide to Our Human-Robot Futures,David Ewing Duncan,4.7,12,47.28
Engineering Mechanics Dynamics,Russell Charles Hibbeler,4.6,3,349.65
Fundamentals of Communication Systems,John Proakis,4.3,22,360.0
Sivil Havacılıkta Kariyer - Empatik Yaklaşımlar,Gülaçtı Şen,4.0,1,24.9
The Design of Everyday Things: Revised and Expanded Edition,Don Norman,4.6,2882,342.89
Leading the Lean Enterprise Transformation,George Koenigsaecker,4.7,48,827.21
Lean Human Resources,Cheryl M. Jekiel,5.0,6,627.75
Extreme Programming Applied: Playing to Win (Xp Series),Ken Auer,4.7,6,535.12
Edison vs. Tesla: The Battle over Their Last Invention,Joel Martin,4.0,20,52.05
Hormonların Gücü: Hayatımızdaki Hemen Her Şeyi Kontrol Eden Salgıların Tarihi,Randi Hutter Epstein,5.0,4,39.16
Just and Unjust Wars: A Moral Argument with Historical Illustrations,Michael Walzer,4.6,122,101.9
The Art of War,Tzu Sun,4.6,228,119.23
Netter's Anatomy Flash Cards (Netter Basic Science),John T. Hansen PhD,4.7,1278,715.52
The Lean Startup: How Constant Innovation Creates Radically Successful Businesses,Eric Ries,4.6,4839,207.99
Microelectronics,Behzad Razavi,5.0,1,679.78
Mühendisler için Vektör Mekaniği Dinamik 10. Metrik Baskıdan Çeviri Ekonomik Baskı,Ferdinand Beer,5.0,1,140.11
Mineraller ve Değerli Taşlar,François Farges,4.8,5,56.0
Electronic Devices and Circuit Theory: Pearson New International Edition,Robert Boylestad,4.1,53,220.5
"VW Golf (bis Okt. 83), Jetta (bis Jan. 84), Scirocco (bis Apr. 81): Benziner ohne Einspritzer (Jetzt helfe ich mir selbst): 104",Dieter Korp,4.3,13,667.65
Brain Fables: The Hidden History of Neurodegenerative Diseases and a Blueprint to Conquer Them,Alberto Espay,4.6,29,555.77
"Introduction to Polymers, Third Edition",Robert J. Young,4.5,62,630.81
"Electronics Fundamentals: Pearson New International Edition: Circuits, Devices & Applications",Thomas Floyd,4.5,144,238.5
A Little Book of Self Care: Trigger Points: Use the power of touch to live life pain-free,Amanda Oswald,4.3,69,290.29
How to Invent Everything: Rebuild All of Civilization (with 96% fewer catastrophes this time),Ryan North,4.7,127,488.74
The World Is Blue: How Our Fate and the Ocean's Are One,Sylvia A. Earle,4.8,138,144.05
Nitel Araştırma Yöntemleri,Ünsal Sığrı,5.0,1,76.0
Yapay Zeka,Harvard Business Review,5.0,1,42.0
How to Create a Mind: The Secret of Human Thought Revealed,Ray Kurzweil,4.4,459,343.72
Endurance: Shackleton's Incredible Voyage to the Antarctic,Alfred Lansing,4.8,3014,159.44
Being Time: Case Studies in Musical Temporality,Richard Glover,5.0,2,462.9
"Pocket Atlas of Sectional Anatomy, Volume I: Head and Neck: Computed Tomography and Magnetic Resonance Imaging (Basic Sciences (Thieme)): 1",Torsten Bert Möller,4.8,28,820.19
A Man on the Moon: The Voyages of the Apollo Astronauts,Andrew Chaikin,4.8,373,208.77
"Engineering Vibrations, International Edition",Daniel Inman,4.1,6,450.0
Reversing: Secrets of Reverse Engineering,Eldad Eilam,4.6,122,503.63
Bir Astronottan Hayat Dersleri,Chris Hadfield,4.5,5,33.0
Watch Repair for Beginners: An Illustrated How-To Guide for the Beginner Watch Repairer,Harold C. Kelly,4.1,518,87.33
MATLAB For Dummies,Jim Sizemore,4.3,136,257.45
Arkeolojik Mimaride Taş,Orhan Bingöl,5.0,1,95.9
The Fifth Witness,Michael Connelly,4.7,944,208.18
Güneş Sistemi - Fotoğraflı Kartlar,Marcus Chown,5.0,2,69.0
"Science and Cooking: Physics Meets Food, from Homemade to Haute Cuisine",Michael Brenner,4.7,211,591.39
"Fundamentals of Applied Electromagnetics, Global Edition",Fawwaz Ulaby,4.4,112,387.64
Sketching:Drawing Techniques for Product Designers,Roselien Steur,4.5,246,269.03
Chernobyl: History of a Tragedy,Serhii Plokhy,4.7,801,147.05
Pale Blue Dot: A Vision of the Human Future in Space,Carl Sagan,4.7,900,184.82
Quantum Physics,Stephen Gasiorowicz,4.2,25,848.31
Cro Magnon: Buzul Çağı İlk Modern İnsanı Nasıl Yarattı?,Brian Fagan,3.5,3,59.2
The Game Console: A History in Photographs,Evan Amos,4.8,1006,232.46
Calculus,Michael Spivak,4.2,73,460.5
Modern Quantum Mechanics,J. J. Sakurai,4.7,102,520.97
"Greene, N: Mercedes-Benz W126 S-Class 1979-1991 (Crowood Autoclassics)",Nik Greene,4.6,34,625.22
An Introduction to Computational Fluid Dynamics: The Finite Volume Method,H. Versteeg,4.6,40,247.5
My Inventions and Other Writings,Nikola Tesla,4.6,220,72.9
How Innovation Works,Matt Ridley,4.7,460,223.8
"USMLE Step 1: Integrated Vignettes: Must-know, high-yield review",Kaplan Medical,4.4,120,359.54
"Mechanical Behavior of Materials, Global Edition",Norman E. Dowling,4.7,9,360.0
Achtung Panzer!,Heinz Guderian,4.6,223,104.84
"Engineering Electromagnetics and Waves, Global Edition",Aziz Inan,3.4,3,421.35
Kronik Hastalıklarda Fonksiyonel Tıp: Hastalık Yanılgısı,Jeffrey S. Bland,3.0,2,95.0
"OCP Oracle Certified Professional Java SE 11 Developer Complete Study Guide: Exam 1Z0-815, Exam 1Z0-816, and Exam 1Z0-817",Jeanne Boyarsky,4.7,86,974.15
Naked Statistics: Stripping the Dread from the Data,Charles Wheelan,4.6,1174,166.32
GENERAL CHEMISTRY: Principles and Modern Applications,RALPH ETAL PETRUCCI,4.5,87,475.0
"ColdFusion Presents: New Thinking: From Einstein to Artificial Intelligence, the Science and Technology that Transformed Our World (A Technology Gift for Men, for readers of Making the Modern World)",Dagogo Altraide,4.7,188,425.08
Greek Waters Pilot: A yachtsman's guide to the Ionian and Aegean coasts and islands of Greece,Rod & Lucinda Heikell,4.9,66,899.0
Doğa - Yabani Çiçekler,Sarah Khan,5.0,4,22.9
QED: The Strange Theory of Light and Matter (Princeton Science Library),Richard P. Feynman,4.7,209,355.9
Mega Tech: Bilim-Teknoloji-Gelecek,Daniel Franklin,4.6,3,37.36
1001 Buildings You Must See Before You Die,Mark Irving,4.7,33,189.9
Mathematical Methods of Classical Mechanics (Graduate Texts in Mathematics),V.I. Arnol'd,4.2,49,884.81
"Build Your Own Drone Manual: The practical guide to safely building, operating and maintaining an Unmanned Aerial Vehicle (UAV)",Alex Elliott,4.5,72,256.43
Tim Cook: The Genius Who Took Apple to the Next Level,Leander Kahney,4.3,224,220.58
"Take the Slow Road: Scotland: Inspirational Journeys Round the Highlands, Lowlands and Islands of Scotland by Camper Van and Motorhome",Martin Dorey,4.7,1133,182.07
The Next Fifty Things that Made the Modern Economy,Tim Harford,4.5,48,331.41
The Art of The Last of Us,Various,4.9,1285,612.39
"Power System Analysis and Design, SI Edition",Mulukutla Sarma,4.4,79,425.0
Schaum's Outline of Electrical Power Systems,Syed Nasar,4.3,40,289.99
Working Effectively with Legacy Code (Robert C. Martin),Michael C. Feathers,4.6,247,506.84
Science Hacks,Colin Barras,4.5,28,239.45
"The Advanced Roblox Coding Book: An Unofficial Guide: Learn How to Script Games, Code Objects and Settings, and Create Your Own World!",Heath Haskins,4.5,805,105.63
Radio Wave Propagation for Telecommunication Applications (Signals and Communication Technology),P.de Fornel,2.6,2,967.28
The Greatest Show on Earth: The Evidence for Evolution,Richard Dawkins,4.7,966,302.51
"The AI Economy: Work, Wealth and Welfare in the Robot Age",Roger Bootle,4.1,34,265.79
Mühendisler için Malzeme Bilimine Giriş,James F. Shackelford,5.0,3,126.25
"The Complete Book of Ayurvedic Home Remedies: Based on the Timeless Wisdom of India's 5,000-Year-Old Medical System",Vasant Lad M.A.Sc.,4.6,1210,386.28
Learning Robotic Process Automation: Create Software robots and automate business processes with the leading RPA tool – UiPath (English Edition),Alok Mani Tripathi,3.9,30,803.75
Materials for Civil and Construction Engineers in SI Units,Michael Mamlouk,4.3,10,421.35
Statik - Mukavemet: (Skaler Mekanik - 356 Çözümlü Problem),Mehmet H. Omurtag,5.0,1,142.7
Data Structures Through C in Depth,S. K. Srivastava,4.4,449,509.26
Gamish: A Graphic History of Gaming,Edward Ross,4.5,91,465.82
Dünyanın En Zeki Çocukları - Nasıl Başardılar?,Amanda Ripley,5.0,1,30.4
Hello World: How to be Human in the Age of the Machine,Hannah Fry,4.6,525,121.19
Kuantum Teorisi: Yeni Fiziği ve Atomaltı Parçacıkları Daha İyi Anlamak İçin Çizgibilim,Oscar Zarate,5.0,4,43.72
Bilinçaltını Keşfetmek - Bir Dahinin Zihnin Derinliklerine Yolculuğu ve Teorilerinin Ortaya Çıkışı,Sigmund Freud,5.0,2,26.72
Time Reborn: From the Crisis in Physics to the Future of the Universe,Lee Smolin,4.2,146,182.71
Chemical Reaction Engineering,Octave Levenspiel,4.8,34,869.08
"Horse, the Wheel, and Language: How Bronze-Age Riders from the Eurasian Steppes Shaped the Modern World",David W. Anthony,4.7,297,534.14
İzafiyet-Çizgi Bilim: Einstein’ı ve Uzay-Zamanı Daha iyi Anlamak İçin Çizgibilim,Bruce Bassett,5.0,1,42.2
"Roloff/Matek Maschinenelemente: Normung, Berechnung, Gestaltung",Herbert Wittel,4.2,5,586.15
The Gypsum Construction Handbook (Rsmeans),USG,4.5,94,641.51
Speculative Empiricism: Revisiting Whitehead (Speculative Realism),Isabelle Stengers,4.0,1,454.24
"User Friendly: How the Hidden Rules of Design Are Changing the Way We Live, Work, and Play",Cliff Kuang,4.6,245,512.21
London Underground By Design,Mark Ovenden,4.7,98,128.68
Black Holes: The Reith Lectures,Stephen Hawking,4.5,2474,112.91
Boundary Element Methods in Manufacturing: 47,Abhijit Chandra,1.0,1,681.52
Cycle World: The Total Motorcycling Manual,Mark Lindemann,4.3,92,156.68
Basic Blockchain: What It Is and How It Will Transform the Way We Work and Live,David Shrier,4.3,9,162.77
Wellness Coaching for Lasting Lifestyle Change - 2nd Edition,Michael Arloski,4.7,222,445.61
Sanal Pilot,Cevdet Acarsoy,3.3,4,52.61
"Contemporary Engineering Economics, Global Edition",Chan Park,4.0,13,220.5
Porsche: All the Cars,Lorenzo Ardizio,4.7,12,504.07
"Digital Fundamentals, Global Edition",Thomas L Floyd,4.4,27,335.71
Project Management Demystified,Geoff Reiss,4.6,6,850.72
Software Defined Radio using MATLAB & Simulink and the RTL-SDR,Robert W Stewart,4.5,28,925.9
Money: Vintage Minis,Yuval Noah Harari,4.4,147,54.1
Advantage Play: Technologies that Changed Sporting History,Steve Haake,4.7,9,117.15
Altıncı Koğuş: Modern Klasikler Dizisi - 102,Anton Pavloviç Çehov,4.9,1059,3.85
Mutlu Olma Sanatı,Arthur Schopenhauer,4.7,434,5.88
Bir İdam Mahkumunun Son Günü: Hasan Ali Yücel Klasikleri,Victor Hugo,4.9,1211,5.99
Kızıl Veba,Jack London,4.9,231,6.24
Gece Yarısı Kütüphanesi,Matt Haig,4.6,199,28.33
Atomik Alışkanlıklar,James Clear,4.8,251,32.31
"Ben, Kirke",Madeline Miller,4.7,606,20.94
Körlük: 1998 Nobel Edebiyat Ödülü,Jose Saramago,4.7,661,25.76
Dönüşüm: Modern Klasikler Serisi,Franz Kafka,4.8,650,3.9
Ezbere Yaşayanlar,Emrah Safa Gürkan,5.0,3,30.17
Cesur Yeni Dünya,Aldous Huxley,4.6,419,16.55
Olağanüstü Bir Gece: Modern Klasikler Serisi,Stefan Zweig,4.8,530,4.4
Kürk Mantolu Madonna - Bütün Yapıtları,SABAHATTİN ALİ,4.8,898,3.75
Mecburiyet: Modern Klasikler Dizisi - 104,Stefan Zweig,4.9,634,3.9
Satranç: Modern Klasikler Serisi,Stefan Zweig,4.9,593,4.95
Dune,Frank Herbert,4.6,467,34.81
Hayvan Çiftliği,George Orwell,4.9,1500,8.49
Martin Eden: Modern Klasikler Serisi,Jack London,4.8,508,14.99
1984,George Orwell,4.8,1052,14.9
Şeker Portakalı,Jose Mauro De Vasconcelos,4.8,1039,16.73
İnsanın Anlam Arayışı: Man's Search for Maning: Man's Search for Maning,Viktor Emil Frankl,4.8,249,25.9
İnsan Neyle Yaşar?,Lev Nikolayeviç Tolstoy,4.9,841,6.59
Dune Mesihi,Frank Herbert,4.5,139,26.72
Nasıl Ölünür: Dünya Klasikleri / 10,Emile Zola,4.7,288,7.9
Hamlet,William Shakespeare,4.9,317,7.9
Tiamat,İhsan Oktay Anar,4.5,2,35.0
Akhilleus’un Şarkısı,Madeline Miller,4.8,274,24.99
Fahrenheit 451,Ray Bradbury,4.7,1000,15.78
Aylak Adam,Yusuf Atılgan,4.6,239,12.37
Dune Çocukları,Frank Herbert,4.5,95,36.48
Bir Çöküşün Öyküsü: Modern Klasikler Serisi,Stefan Zweig,4.9,310,4.4
Görmek: 1998 Nobel Edebiyat Ödülü,Jose Saramago,4.8,231,24.98
"Monte Cristo Kontu-2 Kitap Takım, Hasan Ali Yücel Klasikler",Alexandre Dumas,4.7,391,34.97
Cadının Yüreği,Genevieve Gornichec,5.0,8,22.08
Devlet: Hasan Ali Yücel Klasikleri,Platon,4.9,377,10.9
Karamazov Kardeşler,Fyodor Mihayloviç Dostoyevski,4.7,368,21.9
Zaman Makinesi: Modern Klasikler Dizisi - 107 Bir Buluş,H. G. Wells,4.9,409,9.09
VAR MISIN? Güçlü Bir Yaşam İçin Öneriler,Doğan Cüceloğlu,4.8,625,26.9
İvan İlyiç'in Ölümü,Lev Nikolayeviç Tolstoy,4.8,200,6.9
İki Şehrin Hikayesi,Charles Dickens,4.8,142,18.73
Babalar ve Oğullar,İvan Sergeyeviç Turgenyev,4.9,202,8.74
Bilinmeyen Bir Kadının Mektubu: Modern Klasikler Serisi,Stefan Zweig,4.9,404,4.95
Oblomov,İvan Aleksandroviç Gonçarov,4.8,312,18.73
Eğlenceli Bilim – Gündüz ve Gece,Imke Rudel,4.8,133,6.9
Kırmızı Pazartesi: İşleneceğini Herkesin Bildiği Bir Cinayetin Öyküsü,Gabriel Garcia Marquez,4.7,499,12.9
Dorian Gray’in Portresi: Hasan Ali Yücel Klasikler Dizisi,Oscar Wilde,4.8,169,12.9
Tembellik Hakkı,Paul Lafargue,4.7,200,7.77
Düşünce ve Tartışma Özgürlüğü Üstüne,John Stuart Mill,4.7,153,6.72
Zacharius Usta: Modern Klasikler Dizi 110,Jules Verne,4.8,850,4.9
Şeytanın Çırağı: Akuma no deshi,Şiro Hamao,5.0,2,10.79
"Sokrates’in Savunması: Euthyphron, Apologia, Kriton, Phaidon - Hasan Ali Yücel Klasikler Dizisi",Platon,4.9,498,9.9
Harry Potter ve Felsefe Taşı: 1.Kitap,JOANNE KATHLEEN ROWLING,4.8,361,18.59
Amok Koşucusu: Modern Klasikler Serisi,Stefan Zweig,4.9,452,4.9
Macbeth,William Shakespeare,4.8,119,7.49
Ay’ı Kim Çaldı?,HELEN STRATTON,4.8,362,8.63
Yeşil Bambu ve Diğer Fantastik Öyküler,Osamu Dazai,5.0,3,14.15
Emile,Jean Jacques Rousseau,4.9,17,9.09
"Şehirde Bir Gün: Bul, Eğlen, Öğren!",Olivia Brookes,4.8,130,8.74
"Balıkçı ve Oğlu: ""Keşke İnsanlar da Yunuslar Kadar İyi Olsaydı""",Zülfü Livaneli,4.6,77,18.48
Biz,Yevgeni Zamyatin,4.7,58,16.03
"Dinozorlar Dünyasında Bir Yıl: Bul, eğlen, öğren!",Olivia Brookes,4.8,120,8.74
Benjamin Button’ın Tuhaf Hikayesi,Francis Scott Key Fitzgerald,4.8,143,5.9
Eğlenceli Bilim – Mevsimler,Imke Rudel,4.8,139,6.9
Sırça Köşk: Bütün Yapıtları,SABAHATTİN ALİ,4.8,177,4.0
Jane Eyre,Charlotte Bronte,4.7,130,15.89
Outliers - Çizginin Dışındakiler: Bazı İnsanlar Neden Daha Başarılı Olur?,Malcolm Gladwell,4.6,229,33.9
Zincire Vurulmuş Prometheus: Hasan Ali Yücel Klasikler Dizisi,Aiskhylos,4.9,92,5.62
Serenad,Zülfü Livaneli,4.7,353,29.96
Utopia,Thomas More,4.9,130,8.9
İyi Aile Yoktur,Nihan Kaya,4.7,109,24.13
Nietzsche Ağladığında,Irvin D. Yalom,4.8,136,39.96
Harry Potter ve Sırlar Odası: 2. Kitap,JOANNE KATHLEEN ROWLING,4.8,278,21.34
Büyük Macera,Elina Ellis,4.8,160,9.9
Bunu Herkes Bilir: Tarihteki Yanlış Sorulara Doğru Cevaplar,Emrah Safa Gürkan,4.8,233,23.9
İyi Yürekli Dev Memo,Julia Donaldson,4.9,140,9.9
Verity: Gerçeğin Diğer Kıyısı,Colleen Hoover,5.0,1,32.67
Komünist Manifesto,Karl Marx,4.8,127,8.9
Odysseia,Homeros,5.0,184,21.86
Eylül: Günümüz Türkçesiyle,Mehmet Rauf,4.9,26,9.9
Vadideki Zambak: Hasan Ali Yücel Klasikler Dizisi,Honore de Balzac,4.7,115,11.9
Hobbit,J.R.R. Tolkien,4.7,291,26.97
Abartma Tozu (Ciltli),Şermin Yaşar,4.8,142,27.87
Bir Ömür Nasıl Yaşanır?: Hayatta Doğru Seçimler İçin Öneriler,İlber Ortaylı,4.7,791,27.6
It Ends With Us,Colleen Hoover,4.7,16197,82.75
Zaman Bisikleti: Zaman Bisikleti 1,Bilgin Adalı,4.9,53,13.9
"Havalimanında Bir Gün: Bul, Eğlen, Öğren!",Olivia Brookes,4.9,124,7.9
Kolay Piyano 1: (Spiralli),Sevinç Ereren,4.6,52,47.35
Dakikalar İçinde Mitoloji,Neil Philip,5.0,1,24.98
Ateş Yakmak: Modern Klasikler Serisi,Jack London,4.8,203,5.0
Davetsiz Misafirler,Stephanie Moss,4.9,42,9.9
Toplum Sözleşmesi,Jean Jacques Rousseau,4.8,196,8.9
Akıllı Yatırımcı: Warren Buffett’ın önsözü ve sonsözüyle - Jason Zweig’in güncel yorumlarıyla zenginleştirilmiş yeni baskı,Benjamin Graham,4.7,237,61.9
Dune Tanrı İmparatoru,Frank Herbert,4.6,66,45.53
İlyada: Hasan Ali Yücel Klasikler Dizisi,Azra Erhat,4.8,206,26.22
DEATH NOTE ÖLÜM DEFTERİ 7,Tsugumi Ooba,4.9,46,19.58
Huzursuzluk,Zülfü Livaneli,4.8,247,15.28
Kendime Düşünceler: Hasan Ali Yücel Klasikler Dizisi,Marcus Aurelius,4.8,182,8.9
Şair Evlenmesi-Türk Edebiyatı Klasikleri 5: Günümüz Türkçesiyle,Şinasi,4.8,94,3.75
Cehenneme Övgü: Gündelik Hayatta Totalitarizm,Gündüz Vassaf,4.8,57,33.47
Seksen Günde Dünya Turu: İş Çocuk Klasikleri Kısaltılmış Metin,Jules Verne,4.9,77,4.69
Mutlu Prens: Modern Klasikler Dizisi - 96,Oscar Wilde,4.8,79,6.24
Sergüzeşt (Günümüz Türkçesiyle): Türk Edebiyatı Klasikleri - 21,Samipaşazade Sezai,4.8,41,6.24
Doğu Ekspresinde Cinayet,Agatha Christie,4.8,99,24.9
Anna Karenina,Lev Nikolayeviç Tolstoy,4.8,527,28.1
Vanya Dayı: Modern Klasikler Serisi,Anton Pavloviç Çehov,4.9,54,5.62
Delifişek,Jose Mauro De Vasconcelos,4.8,176,9.41
Robinson Crusoe (Kısaltılmış Metin): İş Çocuk Klasikleri 100 Temel Eser,Daniel Defoe,4.8,60,4.69
İlk Keşifler - Harika Böcekler (Ciltli),Kolektif,5.0,32,23.38
Evelyn Hugo'nun Yedi Kocası,Taylor Jenkins Reid,4.7,57,45.95
All You Need Is Kill - Öldür Yeter 1,Hiroşi Sakurazaka,4.8,72,15.9
Robinson Crusoe,Daniel Defoe,4.2,222,12.9
Kahramanın Sonsuz Yolculuğu,Joseph Campbell,4.6,33,37.46
İyinin ve Kötünün Ötesinde: Hasan Ali Yücel Klasikler Dizisi,Friedrich Wilhelm Nietzsche,4.9,62,11.9
Eğlenceli Bilim – Su Altı,Monika Wittmann,4.8,89,6.9
DEMİR ÖKÇE K.KAPAK: Modern Klasikler Serisi,Jack London,4.8,81,12.72
Dune Sapkınları,Frank Herbert,4.5,50,54.95
Ay'a Yolculuk: Modern Klasikler Dizisi - 72,Jules Verne,4.9,225,8.9
İçimizdeki Şeytan: Türk Edebiyatı Klasikleri 31,Sabahattin Ali,4.8,140,7.49
Beyaz Zambaklar Ülkesinde,Grigori Spiridonoviç Petrov,4.7,33,7.9
İlk Boyama Kitabım - Hayvanat Bahçesi: Çıkartmalı,Kolektif,4.7,48,10.55
Lyon'da Düğün: Modern Klasikler Serisi,Stefan Zweig,4.9,170,4.38
EV SAHİBESİ,Fyodor Mihayloviç Dostoyevski,4.8,38,8.9
Kendine Güvenen Fil,Louison Nielman,4.9,29,25.9
Beş Sevim Apartmanı / Rüya Tabirli Cinperi Yalanları,OLCAY MİNE SÖĞÜT BARUTER,4.6,13,11.42
Son Ada,Zülfü Livaneli,4.8,182,19.88
İlk Keşifler - Kar Hayvanları (Ciltli),Kolektif,4.6,34,21.9
All You Need Is Kill: Öldür Yeter - 2,Hiroşi Sakurazaka,4.8,66,18.18
DEATH NOTE ÖLÜM DEFTERİ 2,Tsugumi Ooba,4.9,73,15.9
Beyaz Geceler: Hasan Ali Yücel Klasikler Dizisi,Fyodor Mihayloviç Dostoyevski,4.8,188,10.9
"Tren İstasyonunda Bir Gün: Bul, eğlen, öğren!",Olivia Brookes,4.8,170,7.9
Mutlu Yaşam Üzerine – Yaşamın Kısalığı Üzerine,Lucius Annaeus Seneca,4.7,88,6.9
Kızıl: Modern Klasikler Dizisi 116,Stefan Zweig,4.8,260,5.9
Bütün Şiirleri - Orhan Veli,Orhan Veli Kanık,4.9,95,7.18
Hastalık Hastası: Hasan Ali Yücel Klasikler Dizisi,Moliere,4.8,28,7.49
Değnek Adam,Julia Donaldson,4.6,54,9.87
Tutunamayanlar: Bütün Eserleri - 1,Oğuz Atay,4.7,359,46.64
Bioshock: Rapture Şehri,John Shirley,4.8,42,9.89
Everest Açıkhava 17 : Ağaç Diken Adam,Jean Giono,5.0,5,5.94
Babaannem Geri Döndü,Şermin Yaşar,5.0,25,31.9
Karabibik (Günümüz Türkçesiyle): Türk Edebiyatı Klasikleri - 49,Nabizade Nazım,4.2,12,4.38
Ay Bahçeleri - Malazan Yitikler Kitabı 1,Steven Erikson,4.0,5,53.44
Mürebbiye: Türk Edebiyat Klasikleri 2,Hüseyin Rahmi Gürpınar,4.8,54,6.24
Cimri: Hasan Ali Yücel Klasikler,Moliere,4.7,89,7.9
Peter Pan (Kısaltılmış Metin): İş Çocuk Klasikleri 100 Temel Eser,James Matthew Barrie,4.8,53,4.69
Ardından,Natsume Söseki,5.0,3,21.78
Diriliş,Lev Nikolayeviç Tolstoy,4.7,54,21.86
İncognito: Beynin Gizli Hayatı,David Eagleman,4.6,145,35.42
Göğe Bakma Durağı - Seçme Şiirler,TURGUT UYAR,4.7,66,8.99
Dava: Modern Klasikler Serisi,Franz Kafka,4.8,170,9.9
Felatun Bey İle Rakim Efendi: Günümüz Türkçesiyle,Ahmed Midhat Efendi,4.9,67,6.24
Yabancı,Albert Camus,4.7,37,16.9
Alice Harikalar Diyarında: Modern Klasikler Dizisi - 97,Lewis Carroll,4.9,221,7.49
İntibah - Günümüz Türkçesiyle: Türk Edebiyatı Klasikleri - 4,Namık Kemal,4.8,78,7.49
Sinekli Bakkal: Selim İleri'nin Sonsözüyle,Halide Edib Adıvar,4.6,29,39.9
Kara Keşiş: Modern Klasikler Dizisi - 155,Anton Pavloviç Çehov,4.8,94,5.62
Beyaz Zambaklar Ülkesinde: Atatürk'ün Okulların Müfredatına Konulmasını İstediği Kitap,Grigory Petrov,4.8,541,11.9
Seraph of the End - Kıyamet Meleği 4,Takaya Kagami,4.6,15,19.47
Bir Zanaatla Beklenmedik Karşılaşma,Stefan Zweig,4.7,52,4.9
Zeytindağı,Falih Rıfkı Atay,4.7,69,14.86
İletişim Donanımları: Keşke’siz Bir Yaşam İçin,Doğan Cüceloğlu,4.5,54,24.28
Efendi İle Uşağı: Bir Toprak Sahibinin Sabahı - Hasan Ali Yücel Klasikler Dizisi,Lev Nikolayeviç Tolstoy,4.9,29,7.9
Dedemin Bakkalı - Çırak: Dünyanın En Süper Marketi,Şermin Çarkacı,4.9,85,21.9
Geliştiren Anne-Baba: Anne-Baba Olarak Çocuğunuzun En Güçlü Tanığı Olduğunuzun Farkında mısınız?,Doğan Cüceloğlu,5.0,6,21.82
Babaya Mektup: Modern Klasikler Dizisi - 82,Franz Kafka,4.7,95,7.49
Masumiyet Müzesi,ORHAN PAMUK,4.6,140,41.4
Uçan Süpürge - İyi Yürekli Cadı ve 4 Kafadar Çıkartmalı Etkinlik Kitabı: 400'den Fazla Çıkartma: 400'den Fazla Çıkartma,Julia Donaldson,4.9,26,19.48
Ve Sonuda İkisi de Ölür,Adam Silvera,4.6,46,24.97
Dura Mater 3. Kitap,Serkan Karaismailoğlu,4.5,29,41.36
HÜKÜMDAR CİLTSİZ,Niccolo Machiavelli,4.9,69,9.09
Eğlenceli Bilim – Yer Altı,Frank Littek,4.8,71,6.9
Dünya'nın Ucundaki Fener - Modern Klasikler Dizisi,Jules Verne,4.9,11,10.9
Mai ve Siyah (Günümüz Türkçesiyle): Ahmet İhsan'ın Sunuşuyla,Halid Ziya Uşaklıgil,4.9,15,10.9
Bir Dinozorun Anıları,MİNA URGAN,4.9,22,25.17
DEATH NOTE ÖLÜM DEFTERİ 3,Tsugumi Ooba,4.8,79,19.47
Yayazulanın Çocuğu Çıkartmalı Etkinlik Kitabı: 400'den Fazla Çıkartma: 400'den Fazla Çıkartma,Julia Donaldson,4.9,23,17.9
Görünmez Adam: Kısaltılmış Metin,H. G. Wells,4.8,27,4.69
Germinal,Emile Zola,4.9,20,44.21
Şölen - Dostluk,Platon,4.9,29,7.9
Resimlerle İngilizce İlk 1000 Sözcük,Heather Amery,4.8,110,28.14
İrade Terbiyesi,Jules Payot,4.6,360,17.48
Gizli Tarih: Pulitzer Ödüllü Saka Kuşu'nun Yazarından,Donna Tartt,3.6,21,41.95
VAKIF: Vakıf Serisi,Isaac Asimov,4.8,87,29.06
Larousse İngilizce İlk 1000 Hayvan: Küçüklere Uygundur,Agnes Besson,4.8,8,15.9
Küçük Kara Balık,Samed Behrengi,4.9,115,6.9
Venedik Taciri: Hasan Ali Yücel Klasikler Dizisi,William Shakespeare,4.8,40,8.74
Kızıl Kahkaha - Bulunmuş Bir Elyazmasından Parçalar: Modern Klasikler Serisi,Leonid Andreyev,4.8,78,5.62
Yere Yakın Yıldızlara Uzak (Ciltsiz),Emine Tavuz,4.2,35,28.46
Karısını Şapka Sanan Adam,OLIVER SACKS,4.7,17,17.9
Yılanı Öldürseler,YAŞAR KEMAL,4.6,40,11.99
Clarissa: Modern Klasikler Dizisi - 88,Stefan Zweig,4.7,75,10.9
Bir Delinin Anı Defteri: Palto-Burun-Petersburg Öyküleri Ve Fayton,Nikolay Vasilyeviç Gogol,4.8,197,11.9
Seraph of the End - Kıyamet Meleği 2,Takaya Kagami,4.5,32,19.47
Gizli Bahçe,Frances Hodgson Burnett,4.9,46,11.69
Perşembe Günü Cinayet Kulübü,Richard Osman,4.6,3,37.36
Hayat İçin 12 Kural: Kaosa Panzehir,Jordan B. Peterson,4.4,13,41.95
Kafası Değişikler Atlası - Ciltli,Fatih Dikmen,4.9,79,60.9
Germinal,Emile Zola,4.9,52,20.9
Ölü Canlar,Nikolay Vasilyeviç Gogol,4.7,74,14.99
"Minik Ayı Denize Gidiyor!: Kimi Zaman En Keyifli Yolculuk, En Uzun Olandır!",Melanie Joyce,4.9,111,28.3
Yüzüklerin Efendisi: (1-2-3 Cilt) Yüzük Kardeşliği - İki Kule - Kralın Dönüşü,J.R.R. Tolkien,4.7,848,167.83
Dokuzuncu Hariciye Koğuşu: Bütün Romanları,Peyami Safa,4.9,191,22.99
Genç Kral,Oscar Wilde,4.7,149,4.9
Öğrenen Yavrular - Panda Huzurlu ve Mutlu,Louison Nielman,4.9,16,26.55
Bozkır – Bir Yolculuk Hikayesi: Modern Klasikler Serisi,Anton Pavloviç Çehov,4.8,63,6.24
Zamanın Kısa Tarihi: Güncellenmiş Baskıdan Yeni Çeviri,Stephen Hawking,4.8,230,24.9
İyilik,Alison Green,4.7,73,11.24
Küçük Kara Balık,Samed Behrengi,4.9,115,2.75
Yaban: Bütün Eserleri 1,Yakup Kadri Karaosmanoğlu,4.8,107,40.15
Karmaşık Duygular: Modern Klasikler Serisi,Stefan Zweig,4.8,86,9.37
Frankenstein ya da Modern Prometheus: Hasan Ali Yücel Klasikler Dizisi,Mary Shelley,4.7,61,10.9
KRAL OIDIPUS,Sophokles,4.9,69,7.9
Elmer,David Mckee,4.6,40,21.9
Hadi Gezelim - Sahilde Yaz: Ara-Bul Kitabı,Sue Tarsky,5.0,5,8.74
İLK BİLİM KÜTÜPHANEM OKYANUSLAR: İlk Bilim Kütüphanem - Resimli,Kolektif,4.7,18,7.9
Dünyalar Savaşı: Modern Klasikler Serisi,H. G. Wells,4.9,67,9.99
Vahşetin Çağrısı: Modern Klasikler Serisi,Jack London,4.7,103,8.74
İlk Okuma Kitabım - Elif'in Uykusu Gelmiyor,Liane Schneider,4.9,13,6.9
Savaş ve Barış - 2 Cilt,Lev Nikolayeviç Tolstoy,4.8,308,42.9
On İkinci Gece,William Shakespeare,4.9,35,6.87
Martı: Modern Klasikler Serisi,Anton Pavloviç Çehov,4.7,95,6.24
Everest Açıkhava 3 : Mikado’nun Çöpleri,Melih Cevdet Anday,4.6,11,6.18
Tao Te Ching: Hasan Ali Yücel Klasikler Dizisi,Laozi,4.8,25,6.24
Palto,Nikolay Vasilyeviç Gogol,4.9,49,6.9
"Kırlangıç Çığlığı: ""Vicdanını yitirmiş bir dünyadan başka nedir ki cehennem?""",Ahmet Ümit,4.7,85,17.9
Beş Küçük Domuz,Agatha Christie,4.8,20,18.9
İşaret Memuru,Charles Dickens,4.6,37,5.79
Venedik'te Ölüm: 1929 Nobel Edebiyat Ödülü,Thomas Mann,4.6,21,13.64
İlk Öyküler Rapunzel,İş Bankası Komisyon,4.6,36,23.38
Hadi Gezelim - Şehirde Kış: Ara-Bul Kitabı,Sue Tarsky,4.8,16,7.9
Mutluluğun Kazanılması: Hasan Ali Yücel Klasikler Dizisi,Farabi,4.8,157,6.24
İnce Memed 4,YAŞAR KEMAL,4.9,84,30.91
